{"answer":"{\n  \"Title\": \"Язык Народа Южных Воинов\",\n  \"Desc\": \"Воинственный язык племени Юга, используемый агрессивными племенами, славящимися своей мощью и силой.\",\n  \"vocabular\": [\n    {\n      \"key\": \"narakha\",\n      \"word\": \"Нарáкха\",\n      \"translate\": \"Вождь\",\n      \"stress\": \"a\",\n      \"property\": \"существительное\",\n      \"IPA\": \"/nɑrɑxɑ/\"\n    },\n    {\n      \"key\": \"tamarokh\",\n      \"word\": \"Тамарóх\",\n      \"translate\": \"Сила\",\n      \"stress\": \"o\",\n      \"property\": \"существительное\",\n      \"IPA\": \"/tamɑroχ/\"\n    },\n    {\n      \"key\": \"nakra\",\n      \"word\": \"Нáкра\",\n      \"translate\": \"Кровь\",\n      \"stress\": \"a\",\n      \"property\": \"существительное\",\n      \"IPA\": \"/nɑkrɑ/\"\n    },\n    {\n      \"key\": \"arakh\",\n      \"word\": \"А́ртах\",\n      \"translate\": \"Оружие\",\n      \"stress\": \"a\",\n      \"property\": \"существительное\",\n      \"IPA\": \"/ɑrtɑx/\"\n    },\n    {\n      \"key\": \"dhorom\",\n      \"word\": \"Дхорóм\",\n      \"translate\": \"Племя\",\n      \"stress\": \"o\",\n      \"property\": \"существительное\",\n      \"IPA\": \"/ðoro̞m/\"\n    },\n    {\n      \"key\": \"kharat\",\n      \"word\": \"Хара́т\",\n      \"translate\": \"Битва\",\n      \"stress\": \"a\",\n      \"property\": \"существительное\",\n      \"IPA\": \"/xɑrat/\"\n    },\n    {\n      \"key\": \"karah\",\n      \"word\": \"Ка́рха\",\n      \"translate\": \"Победа\",\n      \"stress\": \"a\",\n      \"property\": \"существительное\",\n      \"IPA\": \"/kɑrxɑ/\"\n    },\n    {\n      \"key\": \"tarak\",\n      \"word\": \"Та́рак\",\n      \"translate\": \"Страх\",\n      \"stress\": \"a\",\n      \"property\": \"существительное\",\n      \"IPA\": \"/tɑrak/\"\n    },\n    {\n      \"key\": \"kharam\",\n      \"word\": \"Хара́м\",\n      \"translate\": \"Мощь\",\n      \"stress\": \"a\",\n      \"property\": \"существительное\",\n      \"IPA\": \"/xɑram/\"\n    },\n    {\n      \"key\": \"morakh\",\n      \"word\": \"Морáх\",\n      \"translate\": \"Мужчина\",\n      \"stress\": \"a\",\n      \"property\": \"существительное\",\n      \"IPA\": \"/moɾɑx/\"\n    },\n    {\n      \"key\": \"marakh\",\n      \"word\": \"Марáх\",\n      \"translate\": \"Женщина\",\n      \"stress\": \"a\",\n      \"property\": \"существительное\",\n      \"IPA\": \"/maɾɑx/\"\n    },\n    {\n      \"key\": \"zharakh\",\n      \"word\": \"Жара́х\",\n      \"translate\": \"Ребенок\",\n      \"stress\": \"a\",\n      \"property\": \"существительное\",\n      \"IPA\": \"/ʐɑrax/\"\n    },\n    {\n      \"key\": \"narat\",\n      \"word\": \"Нарат\",\n      \"translate\": \"День\",\n      \"stress\": \"a\",\n      \"property\": \"существительное\",\n      \"IPA\": \"/nɑrat/\"\n    },\n    {\n      \"key\": \"varkhan\",\n      \"word\": \"Варкан\",\n      \"translate\": \"Год\",\n      \"stress\": \"a\",\n      \"property\": \"существительное\",\n      \"IPA\": \"/varxɑn/\"\n    },\n    {\n      \"key\": \"gharakh\",\n      \"word\": \"Гара́х\",\n      \"translate\": \"Жизнь\",\n      \"stress\": \"a\",\n      \"property\": \"существительное\",\n      \"IPA\": \"/ɣɑrax/\"\n    },\n    {\n      \"key\": \"shuram\",\n      \"word\": \"Шура́м\",\n      \"translate\": \"Место\",\n      \"stress\": \"a\",\n      \"property\": \"существительное\",\n      \"IPA\": \"/ʃuɾɑm/\"\n    },\n    {\n      \"key\": \"sarkhan\",\n      \"word\": \"Саркхан\",\n      \"translate\": \"Город\",\n      \"stress\": \"a\",\n      \"property\": \"существительное\",\n      \"IPA\": \"/sarxɑn/\"\n    },\n    {\n      \"key\": \"zarakh\",\n      \"word\": \"Зара́х\",\n      \"translate\": \"Работа\",\n      \"stress\": \"a\",\n      \"property\": \"существительное\",\n      \"IPA\": \"/zɑrax/\"\n    },\n    {\n      \"key\": \"grim\",\n      \"word\": \"Грим\",\n      \"translate\": \"Время\",\n      \"stress\": \"\",\n      \"property\": \"существительное\",\n      \"IPA\": \"/ɡrim/\"\n    },\n    {\n      \"key\": \"asharan\",\n      \"word\": \"Ашаран\",\n      \"translate\": \"Дом\",\n      \"stress\": \"a\",\n      \"property\": \"существительное\",\n      \"IPA\": \"/aʃɑran/\"\n    },\n    {\n      \"key\": \"shan\",\n      \"word\": \"Шан\",\n      \"translate\": \"Вопрос\",\n      \"stress\": \"\",\n      \"property\": \"существительное\",\n      \"IPA\": \"/ʃan/\"\n    },\n    {\n      \"key\": \"juran\",\n      \"word\": \"Юран\",\n      \"translate\": \"Ответ\",\n      \"stress\": \"\",\n      \"property\": \"существительное\",\n      \"IPA\": \"/juɾan/\"\n    },\n    {\n      \"key\": \"nahash\",\n      \"word\": \"На́хаш\",\n      \"translate\": \"Друг\",\n      \"stress\": \"a\",\n      \"property\": \"существительное\",\n      \"IPA\": \"/nɑxaʃ/\"\n    },\n    {\n      \"key\": \"maran\",\n      \"word\": \"Ма́ран\",\n      \"translate\": \"Семья\",\n      \"stress\": \"a\",\n      \"property\": \"существительное\",\n      \"IPA\": \"/maran/\"\n    },\n    {\n      \"key\": \"manakh\",\n      \"word\": \"Манáх\",\n      \"translate\": \"Мама\",\n      \"stress\": \"a\",\n      \"property\": \"существительное\",\n      \"IPA\": \"/manaχ/\"\n    },\n    {\n      \"key\": \"pankh\",\n      \"word\": \"Панх\",\n      \"translate\": \"Папа\",\n      \"stress\": \"\",\n      \"property\": \"существительное\",\n      \"IPA\": \"/panx/\"\n    },\n    {\n      \"key\": \"vrah\",\n      \"word\": \"Вра́х\",\n      \"translate\": \"Хорошо\",\n      \"stress\": \"a\",\n      \"property\": \"прилагательное\",\n      \"IPA\": \"/vrɑx/\"\n    },\n    {\n      \"key\": \"zharakh\",\n      \"word\": \"Жара́х\",\n      \"translate\": \"Маленький\",\n      \"stress\": \"a\",\n      \"property\": \"прилагательное\",\n      \"IPA\": \"/ʐɑrax/\"\n    },\n    {\n      \"key\": \"zharnik\",\n      \"word\": \"Жарник\",\n      \"translate\": \"Большой\",\n      \"stress\": \"a\",\n      \"property\": \"прилагательное\",\n      \"IPA\": \"/ʐarnik/\"\n    },\n    {\n      \"key\": \"korakh\",\n      \"word\": \"Корáх\",\n      \"translate\": \"Новый\",\n      \"stress\": \"a\",\n      \"property\": \"прилагательное\",\n      \"IPA\": \"/korɑx/\"\n    },\n    {\n      \"key\": \"moran\",\n      \"word\": \"Мора́н\",\n      \"translate\": \"Старый\",\n      \"stress\": \"a\",\n      \"property\": \"прилагательное\",\n      \"IPA\": \"/moɾan/\"\n    },\n    {\n      \"key\": \"thran\",\n      \"word\": \"Тран\",\n      \"translate\": \"Красивый\",\n      \"stress\": \"\",\n      \"property\": \"прилагательное\",\n      \"IPA\": \"/tran/\"\n    },\n    {\n      \"key\": \"gurnakh\",\n      \"word\": \"Гурна́х\",\n      \"translate\": \"Радостный\",\n      \"stress\": \"a\",\n      \"property\": \"прилагательное\",\n      \"IPA\": \"/ɣurnax/\"\n    },\n    {\n      \"key\": \"khran\",\n      \"word\": \"Кран\",\n      \"translate\": \"Скучный\",\n      \"stress\": \"\",\n      \"property\": \"прилагательное\",\n      \"IPA\": \"/kran/\"\n    },\n    {\n      \"key\": \"yagran\",\n      \"word\": \"Ягра́н\",\n      \"translate\": \"Интересный\",\n      \"stress\": \"a\",\n      \"property\": \"прилагательное\",\n      \"IPA\": \"/jaɡran/\"\n    },\n    {\n      \"key\": \"grahan\",\n      \"word\": \"Гра́хан\",\n      \"translate\": \"Человек\",\n      \"stress\": \"a\",\n      \"property\": \"существительное\",\n      \"IPA\": \"/ɣraɦan/\"\n    },\n    {\n      \"key\": \"dag\",\n      \"word\": \"Да́г\",\n      \"translate\": \"Нет\",\n      \"stress\": \"a\",\n      \"property\": \"наречие\",\n      \"IPA\": \"/daɡ/\"\n    },\n    {\n      \"key\": \"rag\",\n      \"word\": \"Ра́г\",\n      \"translate\": \"Да\",\n      \"stress\": \"a\",\n      \"property\": \"наречие\",\n      \"IPA\": \"/raɡ/\"\n    },\n    {\n      \"key\": \"hakh\",\n      \"word\": \"Хах\",\n      \"translate\": \"И\",\n      \"stress\": \"\",\n      \"property\": \"союз\",\n      \"IPA\": \"/xax/\"\n    },\n    {\n      \"key\": \"sak\",\n      \"word\": \"Сак\",\n      \"translate\": \"Но\",\n      \"stress\": \"\",\n      \"property\": \"союз\",\n      \"IPA\": \"/sak/\"\n    },\n    {\n      \"key\": \"zak\",\n      \"word\": \"Зак\",\n      \"translate\": \"Или\",\n      \"stress\": \"\",\n      \"property\": \"союз\",\n      \"IPA\": \"/zak/\"\n    },\n    {\n      \"key\": \"shak\",\n      \"word\": \"Шак\",\n      \"translate\": \"Если\",\n      \"stress\": \"\",\n      \"property\": \"союз\",\n      \"IPA\": \"/ʃak/\"\n    },\n    {\n      \"key\": \"nak\",\n      \"word\": \"Нак\",\n      \"translate\": \"Чтобы\",\n      \"stress\": \"\",\n      \"property\": \"союз\",\n      \"IPA\": \"/nak/\"\n    },\n    {\n      \"key\": \"nokh\",\n      \"word\": \"Нох\",\n      \"translate\": \"Кто\",\n      \"stress\": \"\",\n      \"property\": \"местоимение\",\n      \"IPA\": \"/nox/\"\n    },\n    {\n      \"key\": \"tokh\",\n      \"word\": \"Тох\",\n      \"translate\": \"Что\",\n      \"stress\": \"\",\n      \"property\": \"местоимение\",\n      \"IPA\": \"/tox/\"\n    },\n    {\n      \"key\": \"lok\",\n      \"word\": \"Лок\",\n      \"translate\": \"Где\",\n      \"stress\": \"\",\n      \"property\": \"местоимение\",\n      \"IPA\": \"/lok/\"\n    },\n    {\n      \"key\": \"rok\",\n      \"word\": \"Рок\",\n      \"translate\": \"Когда\",\n      \"stress\": \"\",\n      \"property\": \"местоимение\",\n      \"IPA\": \"/rok/\"\n    },\n    {\n      \"key\": \"bakh\",\n      \"word\": \"Бах\",\n      \"translate\": \"Почему\",\n      \"stress\": \"\",\n      \"property\": \"местоимение\",\n      \"IPA\": \"/bax/\"\n    },\n    {\n      \"key\": \"kakh\",\n      \"word\": \"Как\",\n      \"translate\": \"Как\",\n      \"stress\": \"\",\n      \"property\": \"местоимение\",\n      \"IPA\": \"/kak/\"\n    },\n    {\n      \"key\": \"bakhter\",\n      \"word\": \"Бахтер\",\n      \"translate\": \"Потому что\",\n      \"stress\": \"\",\n      \"property\": \"предлог\",\n      \"IPA\": \"/baxter/\"\n    },\n    {\n      \"key\": \"torakh\",\n      \"word\": \"Торáх\",\n      \"translate\": \"Там\",\n      \"stress\": \"a\",\n      \"property\": \"наречие\",\n      \"IPA\": \"/toɾɑx/\"\n    },\n    {\n      \"key\": \"zorakh\",\n      \"word\": \"Зорáх\",\n      \"translate\": \"Здесь\",\n      \"stress\": \"a\",\n      \"property\": \"наречие\",\n      \"IPA\": \"/zoɾɑx/\"\n    },\n    {\n      \"key\": \"akhan\",\n      \"word\": \"Ахан\",\n      \"translate\": \"Один\",\n      \"stress\": \"\",\n      \"property\": \"числительное\",\n      \"IPA\": \"/aχan/\"\n    },\n    {\n      \"key\": \"dhukhan\",\n      \"word\": \"Дху́хан\",\n      \"translate\": \"Два\",\n      \"stress\": \"u\",\n      \"property\": \"числительное\",\n      \"IPA\": \"/ðuxan/\"\n    },\n    {\n      \"key\": \"trukan\",\n      \"word\": \"Трукáн\",\n      \"translate\": \"Три\",\n      \"stress\": \"a\",\n      \"property\": \"числительное\",\n      \"IPA\": \"/truɾan/\"\n    },\n    {\n      \"key\": \"khorkhan\",\n      \"word\": \"Хоркáн\",\n      \"translate\": \"Четыре\",\n      \"stress\": \"a\",\n      \"property\": \"числительное\",\n      \"IPA\": \"/xorɾan/\"\n    },\n    {\n      \"key\": \"khamkhan\",\n      \"word\": \"Камхáн\",\n      \"translate\": \"Пять\",\n      \"stress\": \"a\",\n      \"property\": \"числительное\",\n      \"IPA\": \"/kamxan/\"\n    },\n    {\n      \"key\": \"chakh\",\n      \"word\": \"Чах\",\n      \"translate\": \"Есть\",\n      \"stress\": \"\",\n      \"property\": \"глагол\",\n      \"IPA\": \"/t͡ʃax/\"\n    },\n    {\n      \"key\": \"fakh\",\n      \"word\": \"Фах\",\n      \"translate\": \"Не\",\n      \"stress\": \"\",\n      \"property\": \"отрицательная частица\",\n      \"IPA\": \"/fax/\"\n    },\n    {\n      \"key\": \"nakhan\",\n      \"word\": \"Накхан\",\n      \"translate\": \"Мой\",\n      \"stress\": \"\",\n      \"property\": \"притяжательный местоимение\",\n      \"IPA\": \"/naχan/\"\n    },\n    {\n      \"key\": \"takh\",\n      \"word\": \"Такх\",\n      \"translate\": \"Твой\",\n      \"stress\": \"\",\n      \"property\": \"притяжательный местоимение\",\n      \"IPA\": \"/tax/\"\n    },\n    {\n      \"key\": \"rakhan\",\n      \"word\": \"Ракхан\",\n      \"translate\": \"Его\",\n      \"stress\": \"\",\n      \"property\": \"притяжательный местоимение\",\n      \"IPA\": \"/ɾaχan/\"\n    },\n    {\n      \"key\": \"makhan\",\n      \"word\": \"Макхан\",\n      \"translate\": \"Наш\",\n      \"stress\": \"\",\n      \"property\": \"притяжательный местоимение\",\n      \"IPA\": \"/maχan/\"\n    },\n    {\n      \"key\": \"nakh\",\n      \"word\": \"Нах\",\n      \"translate\": \"Всё\",\n      \"stress\": \"\",\n      \"property\": \"местоимение\",\n      \"IPA\": \"/nax/\"\n    },\n    {\n      \"key\": \"talakh\",\n      \"word\": \"Талáх\",\n      \"translate\": \"Ничего\",\n      \"stress\": \"a\",\n      \"property\": \"местоимение\",\n      \"IPA\": \"/talɑx/\"\n    },\n    {\n      \"key\": \"zanakh\",\n      \"word\": \"За́нах\",\n      \"translate\": \"Кто-то\",\n      \"stress\": \"a\",\n      \"property\": \"местоимение\",\n      \"IPA\": \"/zaɲax/\"\n    },\n    {\n      \"key\": \"tsanakh\",\n      \"word\": \"Цана́х\",\n      \"translate\": \"Что-то\",\n      \"stress\": \"a\",\n      \"property\": \"местоимение\",\n      \"IPA\": \"/tsanaχ/\"\n    },\n    {\n      \"key\": \"monakh\",\n      \"word\": \"Монáх\",\n      \"translate\": \"Это\",\n      \"stress\": \"a\",\n      \"property\": \"указательное местоимение\",\n      \"IPA\": \"/monɑx/\"\n    },\n    {\n      \"key\": \"tonakh\",\n      \"word\": \"То́нах\",\n      \"translate\": \"Тот\",\n      \"stress\": \"o\",\n      \"property\": \"указательное местоимение\",\n      \"IPA\": \"/tonax/\"\n    },\n    {\n      \"key\": \"rukh\",\n      \"word\": \"Рух\",\n      \"translate\": \"Он\",\n      \"stress\": \"\",\n      \"property\": \"личное местоимение\",\n      \"IPA\": \"/ɾux/\"\n    },\n    {\n      \"key\": \"mukh\",\n      \"word\": \"Мух\",\n      \"translate\": \"Она\",\n      \"stress\": \"\",\n      \"property\": \"личное местоимение\",\n      \"IPA\": \"/mux/\"\n    },\n    {\n      \"key\": \"rukhan\",\n      \"word\": \"Рукхан\",\n      \"translate\": \"Они\",\n      \"stress\": \"\",\n      \"property\": \"личное местоимение\",\n      \"IPA\": \"/ɾukhan/\"\n    },\n    {\n      \"key\": \"nach\",\n      \"word\": \"Нач\",\n      \"translate\": \"Мы\",\n      \"stress\": \"\",\n      \"property\": \"личное местоимение\",\n      \"IPA\": \"/nat͡ʃ/\"\n    },\n    {\n      \"key\": \"takhnach\",\n      \"word\": \"Такхана́ч\",\n      \"translate\": \"Вы\",\n      \"stress\": \"a\",\n      \"property\": \"личное местоимение\",\n      \"IPA\": \"/taχanat͡ʃ/\"\n    },\n    {\n      \"key\": \"sukh\",\n      \"word\": \"Сух\",\n      \"translate\": \"Ты\",\n      \"stress\": \"\",\n      \"property\": \"личное местоимение\",\n      \"IPA\": \"/sux/\"\n    },\n    {\n      \"key\": \"chakhan\",\n      \"word\": \"Чахан\",\n      \"translate\": \"Был\",\n      \"stress\": \"\",\n      \"property\": \"глагол прошедшего времени\",\n      \"IPA\": \"/t͡ʃaχan/\"\n    },\n    {\n      \"key\": \"vorakh\",\n      \"word\": \"Вора́х\",\n      \"translate\": \"Еда\",\n      \"stress\": \"a\",\n      \"property\": \"существительное\",\n      \"IPA\": \"/vorɑx/\"\n    },\n    {\n      \"key\": \"porakh\",\n      \"word\": \"По́рах\",\n      \"translate\": \"Вода\",\n      \"stress\": \"o\",\n      \"property\": \"существительное\",\n      \"IPA\": \"/poɾɑx/\"\n    },\n    {\n      \"key\": \"gorakh\",\n      \"word\": \"Горáх\",\n      \"translate\": \"Машина\",\n      \"stress\": \"a\",\n      \"property\": \"существительное\",\n      \"IPA\": \"/ɣorɑx/\"\n    },\n    {\n      \"key\": \"norakh\",\n      \"word\": \"Норáх\",\n      \"translate\": \"Страна\",\n      \"stress\": \"a\",\n      \"property\": \"существительное\",\n      \"IPA\": \"/norɑx/\"\n    },\n    {\n      \"key\": \"borakh\",\n      \"word\": \"Борáх\",\n      \"translate\": \"Мир\",\n      \"stress\": \"a\",\n      \"property\": \"существительное\",\n      \"IPA\": \"/borɑx/\"\n    },\n    {\n      \"key\": \"korakh\",\n      \"word\": \"Корáх\",\n      \"translate\": \"Солнце\",\n      \"stress\": \"a\",\n      \"property\": \"существительное\",\n      \"IPA\": \"/korɑx/\"\n    },\n    {\n      \"key\": \"larakh\",\n      \"word\": \"Лара́х\",\n      \"translate\": \"Небо\",\n      \"stress\": \"a\",\n      \"property\": \"существительное\",\n      \"IPA\": \"/lɑɾɑx/\"\n    },\n    {\n      \"key\": \"darakh\",\n      \"word\": \"Дарáх\",\n      \"translate\": \"Земля\",\n      \"stress\": \"a\",\n      \"property\": \"существительное\",\n      \"IPA\": \"/darɑx/\"\n    },\n    {\n      \"key\": \"yorakh\",\n      \"word\": \"Йора́х\",\n      \"translate\": \"Море\",\n      \"stress\": \"a\",\n      \"property\": \"существительное\",\n      \"IPA\": \"/joɾɑx/\"\n    },\n    {\n      \"key\": \"farakh\",\n      \"word\": \"Фарáх\",\n      \"translate\": \"Лес\",\n      \"stress\": \"a\",\n      \"property\": \"существительное\",\n      \"IPA\": \"/farɑx/\"\n    },\n    {\n      \"key\": \"garakh\",\n      \"word\": \"Гарáх\",\n      \"translate\": \"Гора\",\n      \"stress\": \"a\",\n      \"property\": \"существительное\",\n      \"IPA\": \"/ɣarɑx/\"\n    },\n    {\n      \"key\": \"sharakh\",\n      \"word\": \"Шарáх\",\n      \"translate\": \"Река\",\n      \"stress\": \"a\",\n      \"property\": \"существительное\",\n      \"IPA\": \"/ʃarɑx/\"\n    },\n    {\n      \"key\": \"charakh\",\n      \"word\": \"Чарáх\",\n      \"translate\": \"Цветок\",\n      \"stress\": \"a\",\n      \"property\": \"существительное\",\n      \"IPA\": \"/t͡ʃarɑx/\"\n    },\n    {\n      \"key\": \"parakh\",\n      \"word\": \"Парáх\",\n      \"translate\": \"Дерево\",\n      \"stress\": \"a\",\n      \"property\": \"существительное\",\n      \"IPA\": \"/paɾɑx/\"\n    },\n    {\n      \"key\": \"kurakh\",\n      \"word\": \"Курáх\",\n      \"translate\": \"Птица\",\n      \"stress\": \"a\",\n      \"property\": \"существительное\",\n      \"IPA\": \"/kuɾɑx/\"\n    },\n    {\n      \"key\": \"dorakh\",\n      \"word\": \"До́рах\",\n      \"translate\": \"Собака\",\n      \"stress\": \"o\",\n      \"property\": \"существительное\",\n      \"IPA\": \"/doɾɑx/\"\n    },\n    {\n      \"key\": \"rorakh\",\n      \"word\": \"Рора́х\",\n      \"translate\": \"Кошка\",\n      \"stress\": \"a\",\n      \"property\": \"существительное\",\n      \"IPA\": \"/ɾoɾɑx/\"\n    },\n    {\n      \"key\": \"sarakh\",\n      \"word\": \"Са́рах\",\n      \"translate\": \"Деньги\",\n      \"stress\": \"a\",\n      \"property\": \"существительное\",\n      \"IPA\": \"/saɾɑx/\"\n    },\n    {\n      \"key\": \"karakh\",\n      \"word\": \"Карáх\",\n      \"translate\": \"Плохой\",\n      \"stress\": \"a\",\n      \"property\": \"прилагательное\",\n      \"IPA\": \"/kaɾɑx/\"\n    },\n    {\n      \"key\": \"worakh\",\n      \"word\": \"Вора́х\",\n      \"translate\": \"Хороший\",\n      \"stress\": \"a\",\n      \"property\": \"прилагательное\",\n      \"IPA\": \"/vorɑx/\"\n    },\n    {\n      \"key\": \"tanakh\",\n      \"word\": \"Танах\",\n      \"translate\": \"Старший\",\n      \"stress\": \"\",\n      \"property\": \"прилагательное\",\n      \"IPA\": \"/tanax/\"\n    },\n    {\n      \"key\": \"yanakh\",\n      \"word\": \"Янáх\",\n      \"translate\": \"Молодой\",\n      \"stress\": \"a\",\n      \"property\": \"прилагательное\",\n      \"IPA\": \"/janɑx/\"\n    },\n    {\n      \"key\": \"niranh\",\n      \"word\": \"Ниранх\",\n      \"translate\": \"Грустный\",\n      \"stress\": \"\",\n      \"property\": \"прилагательное\",\n      \"IPA\": \"/niɾanx/\"\n    },\n    {\n      \"key\": \"branakh\",\n      \"word\": \"Брана́х\",\n      \"translate\": \"Сильный\",\n      \"stress\": \"a\",\n      \"property\": \"прилагательное\",\n      \"IPA\": \"/braɳɑx/\"\n    },\n    {\n      \"key\": \"vanakh\",\n      \"word\": \"Вана́х\",\n      \"translate\": \"Быстрый\",\n      \"stress\": \"a\",\n      \"property\": \"прилагательное\",\n      \"IPA\": \"/vanaχ/\"\n    },\n    {\n      \"key\": \"sanakh\",\n      \"word\": \"Санáх\",\n      \"translate\": \"Медленный\",\n      \"stress\": \"a\",\n      \"property\": \"прилагательное\",\n      \"IPA\": \"/sanaχ/\"\n    },\n    {\n      \"key\": \"minakh\",\n      \"word\": \"Минáх\",\n      \"translate\": \"Правдивый\",\n      \"stress\": \"a\",\n      \"property\": \"прилагательное\",\n      \"IPA\": \"/minaχ/\"\n    },\n    {\n      \"key\": \"kinakh\",\n      \"word\": \"Кина́х\",\n      \"translate\": \"Неправдивый\",\n      \"stress\": \"a\",\n      \"property\": \"прилагательное\",\n      \"IPA\": \"/kinaχ/\"\n    },\n    {\n      \"key\": \"zinakh\",\n      \"word\": \"Зина́х\",\n      \"translate\": \"Умный\",\n      \"stress\": \"a\",\n      \"property\": \"прилагательное\",\n      \"IPA\": \"/zinaχ/\"\n    },\n    {\n      \"key\": \"ninakh\",\n      \"word\": \"Нина́х\",\n      \"translate\": \"Глупый\",\n      \"stress\": \"a\",\n      \"property\": \"прилагательное\",\n      \"IPA\": \"/ninaχ/\"\n    },\n    {\n      \"key\": \"vinakh\",\n      \"word\": \"Вина́х\",\n      \"translate\": \"Любимый\",\n      \"stress\": \"a\",\n      \"property\": \"прилагательное\",\n      \"IPA\": \"/vinaχ/\"\n    },\n    {\n      \"key\": \"dinakh\",\n      \"word\": \"Ди́нах\",\n      \"translate\": \"Невинный\",\n      \"stress\": \"i\",\n      \"property\": \"прилагательное\",\n      \"IPA\": \"/diɲax/\"\n    },\n    {\n      \"key\": \"rinakh\",\n      \"word\": \"Рина́х\",\n      \"translate\": \"Подлый\",\n      \"stress\": \"a\",\n      \"property\": \"прилагательное\",\n      \"IPA\": \"/ɾinaχ/\"\n    },\n    {\n      \"key\": \"tinakh\",\n      \"word\": \"Тина́х\",\n      \"translate\": \"Верный\",\n      \"stress\": \"a\",\n      \"property\": \"прилагательное\",\n      \"IPA\": \"/tinaχ/\"\n    },\n    {\n      \"key\": \"xinakh\",\n      \"word\": \"Хина́х\",\n      \"translate\": \"Предательский\",\n      \"stress\": \"a\",\n      \"property\": \"прилагательное\",\n      \"IPA\": \"/xinaχ/\"\n    },\n    {\n      \"key\": \"lanakh\",\n      \"word\": \"Лана́х\",\n      \"translate\": \"Щедрый\",\n      \"stress\": \"a\",\n      \"property\": \"прилагательное\",\n      \"IPA\": \"/lanaχ/\"\n    },\n    {\n      \"key\": \"wanakh\",\n      \"word\": \"Вана́х\",\n      \"translate\": \"Скупой\",\n      \"stress\": \"a\",\n      \"property\": \"прилагательное\",\n      \"IPA\": \"/vanaχ/\"\n    },\n    {\n      \"key\": \"kanakh\",\n      \"word\": \"Кана́х\",\n      \"translate\": \"Добрый\",\n      \"stress\": \"a\",\n      \"property\": \"прилагательное\",\n      \"IPA\": \"/kanaχ/\"\n    },\n    {\n      \"key\": \"ganakh\",\n      \"word\": \"Гана́х\",\n      \"translate\": \"Злой\",\n      \"stress\": \"a\",\n      \"property\": \"прилагательное\",\n      \"IPA\": \"/ɣanaχ/\"\n    },\n    {\n      \"key\": \"nanakh\",\n      \"word\": \"Нана́х\",\n      \"translate\": \"Доблестный\",\n      \"stress\": \"a\",\n      \"property\": \"прилагательное\",\n      \"IPA\": \"/nanaχ/\"\n    },\n    {\n      \"key\": \"banakh\",\n      \"word\": \"Бана́х\",\n      \"translate\": \"Трус\",\n      \"stress\": \"a\",\n      \"property\": \"прилагательное\",\n      \"IPA\": \"/banaχ/\"\n    },\n    {\n      \"key\": \"zanakh\",\n      \"word\": \"Зана́х\",\n      \"translate\": \"Свободный\",\n      \"stress\": \"a\",\n      \"property\": \"прилагательное\",\n      \"IPA\": \"/zanaχ/\"\n    },\n    {\n      \"key\": \"zenakh\",\n      \"word\": \"Зенáх\",\n      \"translate\": \"Раб\",\n      \"stress\": \"a\",\n      \"property\": \"прилагательное\",\n      \"IPA\": \"/zeɲax/\"\n    },\n    {\n      \"key\": \"kunakh\",\n      \"word\": \"Куна́х\",\n      \"translate\": \"Богатый\",\n      \"stress\": \"a\",\n      \"property\": \"прилагательное\",\n      \"IPA\": \"/kunaχ/\"\n    },\n    {\n      \"key\": \"gunakh\",\n      \"word\": \"Гу́нах\",\n      \"translate\": \"Бедный\",\n      \"stress\": \"u\",\n      \"property\": \"прилагательное\",\n      \"IPA\": \"/ɣunax/\"\n    },\n    {\n      \"key\": \"lonakh\",\n      \"word\": \"Лона́х\",\n      \"translate\": \"Искренний\",\n      \"stress\": \"a\",\n      \"property\": \"прилагательное\",\n      \"IPA\": \"/loɳɑx/\"\n    },\n    {\n      \"key\": \"wonakh\",\n      \"word\": \"Вона́х\",\n      \"translate\": \"Лживый\",\n      \"stress\": \"a\",\n      \"property\": \"прилагательное\",\n      \"IPA\": \"/woɳɑx/\"\n    },\n    {\n      \"key\": \"ronakh\",\n      \"word\": \"Рона́х\",\n      \"translate\": \"Смелый\",\n      \"stress\": \"a\",\n      \"property\": \"прилагательное\",\n      \"IPA\": \"/ɾonaχ/\"\n    },\n    {\n      \"key\": \"zonakh\",\n      \"word\": \"Зона́х\",\n      \"translate\": \"Осторожный\",\n      \"stress\": \"a\",\n      \"property\": \"прилагательное\",\n      \"IPA\": \"/zonaχ/\"\n    },\n    {\n      \"key\": \"honakh\",\n      \"word\": \"Хона́х\",\n      \"translate\": \"Решительный\",\n      \"stress\": \"a\",\n      \"property\": \"прилагательное\",\n      \"IPA\": \"/xonaχ/\"\n    },\n    {\n      \"key\": \"sonakh\",\n      \"word\": \"Со́нах\",\n      \"translate\": \"Бесстрашный\",\n      \"stress\": \"o\",\n      \"property\": \"прилагательное\",\n      \"IPA\": \"/soɳɑx/\"\n    },\n    {\n      \"key\": \"bonakh\",\n      \"word\": \"Бона́х\",\n      \"translate\": \"Сердитый\",\n      \"stress\": \"a\",\n      \"property\": \"прилагательное\",\n      \"IPA\": \"/boɳɑx/\"\n    },\n    {\n      \"key\": \"donakh\",\n      \"word\": \"До́нах\",\n      \"translate\": \"Спокойный\",\n      \"stress\": \"o\",\n      \"property\": \"прилагательное\",\n      \"IPA\": \"/doɳɑx/\"\n    },\n    {\n      \"key\": \"konakh\",\n      \"word\": \"Ко́нах\",\n      \"translate\": \"Справедливый\",\n      \"stress\": \"o\",\n      \"property\": \"прилагательное\",\n      \"IPA\": \"/koɳɑx/\"\n    },\n    {\n      \"key\": \"gonakh\",\n      \"word\": \"Гона́х\",\n      \"translate\": \"Несправедливый\",\n      \"stress\": \"a\",\n      \"property\": \"прилагательное\",\n      \"IPA\": \"/ɣonaχ/\"\n    },\n    {\n      \"key\": \"nonakh\",\n      \"word\": \"Но́нах\",\n      \"translate\": \"Благородный\",\n      \"stress\": \"o\",\n      \"property\": \"прилагательное\",\n      \"IPA\": \"/noɳɑx/\"\n    },\n    {\n      \"key\": \"ponakh\",\n      \"word\": \"По́нах\",\n      \"translate\": \"Подлый\",\n      \"stress\": \"o\",\n      \"property\": \"прилагательное\",\n      \"IPA\": \"/poɳɑx/\"\n    },\n    {\n      \"key\": \"yonakh\",\n      \"word\": \"Йо́нах\",\n      \"translate\": \"Проницательный\",\n      \"stress\": \"o\",\n      \"property\": \"прилагательное\",\n      \"IPA\": \"/joɳɑx/\"\n    },\n    {\n      \"key\": \"fonakh\",\n      \"word\": \"Фона́х\",\n      \"translate\": \"Темный\",\n      \"stress\": \"a\",\n      \"property\": \"прилагательное\",\n      \"IPA\": \"/foɳɑx/\"\n    },\n    {\n      \"key\": \"shonakh\",\n      \"word\": \"Шона́х\",\n      \"translate\": \"Светлый\",\n      \"stress\": \"a\",\n      \"property\": \"прилагательное\",\n      \"IPA\": \"/ʃoɳɑx/\"\n    },\n    {\n      \"key\": \"mynakh\",\n      \"word\": \"Мына́х\",\n      \"translate\": \"Открытый\",\n      \"stress\": \"a\",\n      \"property\": \"прилагательное\",\n      \"IPA\": \"/myɳɑx/\"\n    },\n    {\n      \"key\": \"tynakh\",\n      \"word\": \"Тына́х\",\n      \"translate\": \"Тайный\",\n      \"stress\": \"a\",\n      \"property\": \"прилагательное\",\n      \"IPA\": \"/tyɳɑx/\"\n    },\n    {\n      \"key\": \"lynakh\",\n      \"word\": \"Лына́х\",\n      \"translate\": \"Уверенный\",\n      \"stress\": \"a\",\n      \"property\": \"прилагательное\",\n      \"IPA\": \"/lyɳɑx/\"\n    },\n    {\n      \"key\": \"wynakh\",\n      \"word\": \"Вына́х\",\n      \"translate\": \"Неуверенный\",\n      \"stress\": \"a\",\n      \"property\": \"прилагательное\",\n      \"IPA\": \"/vyɳɑx/\"\n    },\n    {\n      \"key\": \"rynakh\",\n      \"word\": \"Ры́нах\",\n      \"translate\": \"Высокий\",\n      \"stress\": \"ы\",\n      \"property\": \"прилагательное\",\n      \"IPA\": \"/ɾɨɳɑx/\"\n    },\n    {\n      \"key\": \"synakh\",\n      \"word\": \"Сына́х\",\n      \"translate\": \"Низкий\",\n      \"stress\": \"a\",\n      \"property\": \"прилагательное\",\n      \"IPA\": \"/syɳɑx/\"\n    },\n    {\n      \"key\": \"nyrnakh\",\n      \"word\": \"Нырна́х\",\n      \"translate\": \"Великий\",\n      \"stress\": \"a\",\n      \"property\": \"прилагательное\",\n      \"IPA\": \"/nɨɳɑx/\"\n    },\n    {\n      \"key\": \"dynakh\",\n      \"word\": \"Дына́х\",\n      \"translate\": \"Незначительный\",\n      \"stress\": \"a\",\n      \"property\": \"прилагательное\",\n      \"IPA\": \"/dyɳɑx/\"\n    },\n    {\n      \"key\": \"kynakh\",\n      \"word\": \"Кына́х\",\n      \"translate\": \"Строгий\",\n      \"stress\": \"a\",\n      \"property\": \"прилагательное\",\n      \"IPA\": \"/kyɳɑx/\"\n    },\n    {\n      \"key\": \"gnynakh\",\n      \"word\": \"Гнына́х\",\n      \"translate\": \"Безразличный\",\n      \"stress\": \"a\",\n      \"property\": \"прилагательное\",\n      \"IPA\": \"/ɣɲynaχ/\"\n   "}