{
  "Title": "Лангаж Амарган",
  "Desc": "Язык агрессивного и воинственного народа юга, построенный на четких правилах и лаконичных выражениях.",
  "vocabular": [
    {
      "word": "ama",
      "translate": "я",
      "stress": "áma",
      "property": "личн. местоимение, ед.ч.",
      "IPA": "/'ɑːmə/"
    },
    {
      "word": "tana",
      "translate": "ты",
      "stress": "ta'ná",
      "property": "личн. местоимение, ед.ч.",
      "IPA": "/tɑ̃ˈnɑː/"
    },
    {
      "word": "uru",
      "translate": "он",
      "stress": "úru",
      "property": "личн. местоимение, ед.ч.",
      "IPA": "/ˈuːrʊ/"
    },
    {
      "word": "ura",
      "translate": "она",
      "stress": "úra",
      "property": "личн. местоимение, ед.ч.",
      "IPA": "/ˈuːrɑː/"
    },
    {
      "word": "uri",
      "translate": "оно",
      "stress": "úri",
      "property": "личн. местоимение, ед.ч.",
      "IPA": "/ˈuːri/"
    },
    {
      "word": "maro",
      "translate": "мы",
      "stress": "máró",
      "property": "личн. местоимение, мн.ч.",
      "IPA": "/mɑ̃ˈroː/"
    },
    {
      "word": "tanar",
      "translate": "вы",
      "stress": "tánar",
      "property": "личн. местоимение, мн.ч.",
      "IPA": "/ˈtɑːnar/"
    },
    {
      "word": "uran",
      "translate": "они",
      "stress": "úran",
      "property": "личн. местоимение, мн.ч.",
      "IPA": "/ˈuːran/"
    },
    {
      "word": "aru",
      "translate": "этот",
      "stress": "áru",
      "property": "указательное местоимение",
      "IPA": "/ˈɑːru/"
    },
    {
      "word": "atu",
      "translate": "тот",
      "stress": "átu",
      "property": "указательное местоимение",
      "IPA": "/ˈɑːtu/"
    },
    {
      "word": "neni",
      "translate": "что",
      "stress": "néni",
      "property": "вопросительное местоимение",
      "IPA": "/ˈneːni/"
    },
    {
      "word": "kani",
      "translate": "кто",
      "stress": "káni",
      "property": "вопросительное местоимение",
      "IPA": "/ˈkɑːni/"
    },
    {
      "word": "mana",
      "translate": "где",
      "stress": "mána",
      "property": "вопросительное местоимение",
      "IPA": "/ˈmɑːnɑː/"
    },
    {
      "word": "nanu",
      "translate": "когда",
      "stress": "nánu",
      "property": "вопросительное местоимение",
      "IPA": "/ˈnɑːnu/"
    },
    {
      "word": "hari",
      "translate": "как",
      "stress": "hári",
      "property": "вопросительное местоимение",
      "IPA": "/ˈhɑːri/"
    },
    {
      "word": "wara",
      "translate": "почему",
      "stress": "wára",
      "property": "вопросительное местоимение",
      "IPA": "/ˈwɑːrɑː/"
    },
    {
      "word": "tani",
      "translate": "потому что",
      "stress": "táni",
      "property": "союз",
      "IPA": "/ˈtɑːni/"
    },
    {
      "word": "ka",
      "translate": "и",
      "stress": "ká",
      "property": "союз",
      "IPA": "/kɑː/"
    },
    {
      "word": "wa",
      "translate": "а",
      "stress": "wá",
      "property": "союз",
      "IPA": "/wɑː/"
    },
    {
      "word": "ke",
      "translate": "но",
      "stress": "ké",
      "property": "союз",
      "IPA": "/kɛː/"
    },
    {
      "word": "ki",
      "translate": "или",
      "stress": "kí",
      "property": "союз",
      "IPA": "/kɪː/"
    },
    {
      "word": "ko",
      "translate": "если",
      "stress": "kó",
      "property": "союз",
      "IPA": "/kɔː/"
    },
    {
      "word": "kan",
      "translate": "чтобы",
      "stress": "kán",
      "property": "союз",
      "IPA": "/kɑ̃ː/"
    },
    {
      "word": "sani",
      "translate": "был / была / было",
      "stress": "sáni",
      "property": "глагол-связка прошедшего времени",
      "IPA": "/ˈsɑːni/"
    },
    {
      "word": "asi",
      "translate": "есть",
      "stress": "ásí",
      "property": "глагол-связка настоящего времени",
      "IPA": "/ˈɑːsiː/"
    },
    {
      "word": "no",
      "translate": "не",
      "stress": "nó",
      "property": "отрицательная частица",
      "IPA": "/nɔː/"
    },
    {
      "word": "ha",
      "translate": "да",
      "stress": "há",
      "property": "утвердительная частица",
      "IPA": "/hɑː/"
    },
    {
      "word": "mo",
      "translate": "нет",
      "stress": "mó",
      "property": "отрицательная частица",
      "IPA": "/mɔː/"
    },
    {
      "word": "mani",
      "translate": "мой",
      "stress": "máni",
      "property": "притяжательный суффикс",
      "IPA": "/ˈmɑːni/"
    },
    {
      "word": "tani",
      "translate": "твой",
      "stress": "táni",
      "property": "притяжательный суффикс",
      "IPA": "/ˈtɑːni/"
    },
    {
      "word": "urani",
      "translate": "его",
      "stress": "úrani",
      "property": "притяжательный суффикс",
      "IPA": "/ˈuːrɑ̃ni/"
    },
    {
      "word": "urai",
      "translate": "её",
      "stress": "úrai",
      "property": "притяжательный суффикс",
      "IPA": "/ˈuːrɑj/"
    },
    {
      "word": "maniri",
      "translate": "наш",
      "stress": "mániri",
      "property": "притяжательный суффикс",
      "IPA": "/ˈmɑːnirɪ/"
    },
    {
      "word": "tarini",
      "translate": "ваш",
      "stress": "tárini",
      "property": "притяжательный суффикс",
      "IPA": "/ˈtɑːrinɪ/"
    },
    {
      "word": "kena",
      "translate": "кто-то",
      "stress": "kéna",
      "property": "неопределённое местоимение",
      "IPA": "/ˈkɛːnɑː/"
    },
    {
      "word": "tene",
      "translate": "что-то",
      "stress": "téne",
      "property": "неопределённое местоимение",
      "IPA": "/ˈteːnɛː/"
    },
    {
      "word": "tona",
      "translate": "всё",
      "stress": "tóna",
      "property": "универсальное местоимение",
      "IPA": "/ˈtoːnɑː/"
    },
    {
      "word": "munu",
      "translate": "ничего",
      "stress": "múnú",
      "property": "отрицательное местоимение",
      "IPA": "/ˈmuːnuː/"
    },
    {
      "word": "ora",
      "translate": "там",
      "stress": "órà",
      "property": "наречие места",
      "IPA": "/ˈɔːrɑː/"
    },
    {
      "word": "una",
      "translate": "здесь",
      "stress": "únà",
      "property": "наречие места",
      "IPA": "/ˈuːnɑː/"
    },
    {
      "word": "semi",
      "translate": "один",
      "stress": "sémi",
      "property": "числительное",
      "IPA": "/ˈsɛːmi/"
    },
    {
      "word": "tera",
      "translate": "два",
      "stress": "téra",
      "property": "числительное",
      "IPA": "/ˈteːrɑː/"
    },
    {
      "word": "teremi",
      "translate": "три",
      "stress": "térèmi",
      "property": "числительное",
      "IPA": "/ˈtɛːrɛmi/"
    },
    {
      "word": "neru",
      "translate": "четыре",
      "stress": "néru",
      "property": "числительное",
      "IPA": "/ˈneːru/"
    },
    {
      "word": "rami",
      "translate": "пять",
      "stress": "rámi",
      "property": "числительное",
      "IPA": "/ˈrɑːmi/"
    },
    {
      "word": "samu",
      "translate": "шесть",
      "stress": "sámù",
      "property": "числительное",
      "IPA": "/ˈsɑːmuː/"
    },
    {
      "word": "noma",
      "translate": "семь",
      "stress": "nóma",
      "property": "числительное",
      "IPA": "/ˈnoːmɑː/"
    },
    {
      "word": "rama",
      "translate": "восемь",
      "stress": "ráma",
      "property": "числительное",
      "IPA": "/ˈrɑːmɑː/"
    },
    {
      "word": "nami",
      "translate": "девять",
      "stress": "námi",
      "property": "числительное",
      "IPA": "/ˈnɑːmi/"
    },
    {
      "word": "torami",
      "translate": "десять",
      "stress": "tóràmi",
      "property": "числительное",
      "IPA": "/ˈtoːrɑ̃mi/"
    },
    {
      "word": "meri",
      "translate": "человек",
      "stress": "méri",
      "property": "существительное",
      "IPA": "/ˈmeːri/"
    },
    {
      "word": "zani",
      "translate": "день",
      "stress": "záni",
      "property": "существительное",
      "IPA": "/ˈzɑːni/"
    },
    {
      "word": "amani",
      "translate": "время",
      "stress": "amáni",
      "property": "существительное",
      "IPA": "/ɑ̃ˈmɑːni/"
    },
    {
      "word": "rarai",
      "translate": "год",
      "stress": "rárai",
      "property": "существительное",
      "IPA": "/ˈrɑːrɑj/"
    },
    {
      "word": "masi",
      "translate": "рука",
      "stress": "mási",
      "property": "существительное",
      "IPA": "/ˈmɑːsi/"
    },
    {
      "word": "suku",
      "translate": "глаз",
      "stress": "súku",
      "property": "существительное",
      "IPA": "/ˈsuːku/"
    },
    {
      "word": "uma",
      "translate": "дом",
      "stress": "úma",
      "property": "существительное",
      "IPA": "/ˈuːmɑː/"
    },
    {
      "word": "korona",
      "translate": "город",
      "stress": "korónà",
      "property": "существительное",
      "IPA": "/kɔ̃ˈrɔːnɑː/"
    },
    {
      "word": "oma",
      "translate": "работа",
      "stress": "óma",
      "property": "существительное",
      "IPA": "/ˈoːmɑː/"
    },
    {
      "word": "wena",
      "translate": "жизнь",
      "stress": "wénà",
      "property": "существительное",
      "IPA": "/ˈweːnɑː/"
    },
    {
      "word": "rama",
      "translate": "место",
      "stress": "ráma",
      "property": "существительное",
      "IPA": "/ˈrɑːmɑː/"
    },
    {
      "word": "sera",
      "translate": "слово",
      "stress": "sérà",
      "property": "существительное",
      "IPA": "/ˈsɛːrɑː/"
    },
    {
      "word": "dana",
      "translate": "дело",
      "stress": "dánà",
      "property": "существительное",
      "IPA": "/ˈdɑːnɑː/"
    },
    {
      "word": "keni",
      "translate": "вопрос",
      "stress": "kéni",
      "property": "существительное",
      "IPA": "/ˈkɛːni/"
    },
    {
      "word": "mena",
      "translate": "ответ",
      "stress": "ménà",
      "property": "существительное",
      "IPA": "/ˈmɛːnɑː/"
    },
    {
      "word": "kari",
      "translate": "друг",
      "stress": "kári",
      "property": "существительное",
      "IPA": "/ˈkɑːri/"
    },
    {
      "word": "wera",
      "translate": "семья",
      "stress": "wérà",
      "property": "существительное",
      "IPA": "/ˈwɛːrɑː/"
    },
    {
      "word": "karima",
      "translate": "ребенок",
      "stress": "kárìma",
      "property": "существительное",
      "IPA": "/ˈkɑːrimɑː/"
    },
    {
      "word": "kinia",
      "translate": "мальчик",
      "stress": "kínìa",
      "property": "существительное",
      "IPA": "/ˈkɪːnjɑː/"
    },
    {
      "word": "minina",
      "translate": "девочка",
      "stress": "mínìna",
      "property": "существительное",
      "IPA": "/ˈmɪːninɑː/"
    },
    {
      "word": "nani",
      "translate": "мужчина",
      "stress": "náni",
      "property": "существительное",
      "IPA": "/ˈnɑːni/"
    },
    {
      "word": "mina",
      "translate": "женщина",
      "stress": "mína",
      "property": "существительное",
      "IPA": "/ˈmɪːnɑː/"
    },
    {
      "word": "zena",
      "translate": "деньги",
      "stress": "zénà",
      "property": "существительное",
      "IPA": "/ˈzeːnɑː/"
    },
    {
      "word": "uma",
      "translate": "вода",
      "stress": "úma",
      "property": "существительное",
      "IPA": "/ˈuːmɑː/"
    },
    {
      "word": "numa",
      "translate": "еда",
      "stress": "núma",
      "property": "существительное",
      "IPA": "/ˈnuːmɑː/"
    },
    {
      "word": "garama",
      "translate": "машина",
      "stress": "garámà",
      "property": "существительное",
      "IPA": "/ɡɑ̃ˈrɑːmɑː/"
    },
    {
      "word": "goro",
      "translate": "страна",
      "stress": "górò",
      "property": "существительное",
      "IPA": "/ˈɡoːrɔː/"
    },
    {
      "word": "rama",
      "translate": "мир",
      "stress": "ráma",
      "property": "существительное",
      "IPA": "/ˈrɑːmɑː/"
    },
    {
      "word": "vana",
      "translate": "солнце",
      "stress": "vánà",
      "property": "существительное",
      "IPA": "/ˈvɑːnɑː/"
    },
    {
      "word": "kara",
      "translate": "небо",
      "stress": "kárà",
      "property": "существительное",
      "IPA": "/ˈkɑːrɑː/"
    },
    {
      "word": "gera",
      "translate": "земля",
      "stress": "gérà",
      "property": "существительное",
      "IPA": "/ˈɡɛːrɑː/"
    },
    {
      "word": "bora",
      "translate": "море",
      "stress": "bórà",
      "property": "существительное",
      "IPA": "/ˈboːrɑː/"
    },
    {
      "word": "loma",
      "translate": "лес",
      "stress": "lóma",
      "property": "существительное",
      "IPA": "/ˈloːmɑː/"
    },
    {
      "word": "mona",
      "translate": "гора",
      "stress": "mónà",
      "property": "существительное",
      "IPA": "/ˈmoːnɑː/"
    },
    {
      "word": "zara",
      "translate": "река",
      "stress": "zárà",
      "property": "существительное",
      "IPA": "/ˈzɑːrɑː/"
    },
    {
      "word": "serena",
      "translate": "цветок",
      "stress": "sérèna",
      "property": "существительное",
      "IPA": "/ˈsɛːrɛnɑː/"
    },
    {
      "word": "nama",
      "translate": "дерево",
      "stress": "námà",
      "property": "существительное",
      "IPA": "/ˈnɑːmɑː/"
    },
    {
      "word": "pura",
      "translate": "птица",
      "stress": "púra",
      "property": "существительное",
      "IPA": "/ˈpuːrɑː/"
    },
    {
      "word": "bara",
      "translate": "собака",
      "stress": "bárà",
      "property": "существительное",
      "IPA": "/ˈbɑːrɑː/"
    },
    {
      "word": "mana",
      "translate": "кот",
      "stress": "mánà",
      "property": "существительное",
      "IPA": "/ˈmɑːnɑː/"
    },
    {
      "word": "okona",
      "translate": "хорошо",
      "stress": "okónà",
      "property": "прилагательное",
      "IPA": "/ɔ̃ˈkɔːnɑː/"
    },
    {
      "word": "nokona",
      "translate": "плохо",
      "stress": "nokónà",
      "property": "прилагательное",
      "IPA": "/nɔ̃ˈkɔːnɑː/"
    },
    {
      "word": "warin",
      "translate": "большой",
      "stress": "wárìn",
      "property": "прилагательное",
      "IPA": "/ˈwɑːrin/"
    },
    {
      "word": "kurin",
      "translate": "маленький",
      "stress": "kúrìn",
      "property": "прилагательное",
      "IPA": "/ˈkuːrin/"
    },
    {
      "word": "terin",
      "translate": "новый",
      "stress": "térìn",
      "property": "прилагательное",
      "IPA": "/ˈtɛːrin/"
    },
    {
      "word": "oran",
      "translate": "старый",
      "stress": "óràn",
      "property": "прилагательное",
      "IPA": "/ˈɔːrɑ̃/"
    },
    {
      "word": "marana",
      "translate": "красивый",
      "stress": "maránà",
      "property": "прилагательное",
      "IPA": "/mɑ̃ˈrɑːnɑː/"
    },
    {
      "word": "norana",
      "translate": "грустный",
      "stress": "noránà",
      "property": "прилагательное",
      "IPA": "/nɔ̃ˈrɑːnɑː/"
    },
    {
      "word": "sarana",
      "translate": "радостный",
      "stress": "saránà",
      "property": "прилагательное",
      "IPA": "/sɑ̃ˈrɑːnɑː/"
    },
    {
      "word": "borana",
      "translate": "интересный",
      "stress": "boránà",
      "property": "прилагательное",
      "IPA": "/bɔ̃ˈrɑːnɑː/"
    },
    {
      "word": "morana",
      "translate": "скучный",
      "stress": "moránà",
      "property": "прилагательное",
      "IPA": "/mɔ̃ˈrɑːnɑː/"
    },
    {
      "word": "rona",
      "translate": "хорошее",
      "stress": "róna",
      "property": "прилагательное",
      "IPA": "/ˈroːnɑː/"
    }
  ],
  "rules": {
    "noun": [
      {
        "rule": "Существительные имеют единственное и множественное числа."
      },
      {
        "rule": "Множественное число образуется добавлением окончания '-ni'."
      },
      {
        "rule": "Падежей нет, отношения между словами передаются порядком слов и предлогами."
      },
      {
        "key": "noun-3",
        "rule": "вапвап"
      },
      {
        "key": "noun-4",
        "rule": "вапааааааааааа"
      },
      {
        "key": "noun-5",
        "rule": "ываыва"
      },
      {
        "key": "noun-6",
        "rule": "ываыва"
      },
      {
        "key": "noun-7",
        "rule": "sdf"
      },
      {
        "key": "noun-8",
        "rule": "sdfsdf"
      }
    ],
    "verb": [
      {
        "rule": "Глаголы имеют формы настоящего, прошедшего и будущего времен."
      },
      {
        "rule": "Настоящее время образовывается без дополнительных окончаний."
      },
      {
        "rule": "Прошедшее время образовывается добавлением суффикса '-si' к основе глагола."
      },
      {
        "rule": "Будущее время образовывается добавлением суффикса '-ti' к основе глагола."
      }
    ],
    "pronoun": [
      {
        "rule": "Местоимения делятся на личные, указательные, вопросительные и неопределённые."
      },
      {
        "rule": "Формы личных местоимений различны для единственного и множественного чисел."
      },
      {
        "rule": "Указательные местоимения различаются по близости предмета ('aru'- 'этот', 'atu'- 'тот')."
      }
    ],
    "adjective": [
      {
        "rule": "Прилагательные стоят после определяемого ими существительного."
      },
      {
        "rule": "Степени сравнения прилагательных образуются путём добавления суффиксов: сравнительная степень - '-re', превосходная степень - '-ne'."
      }
    ],
    "adverb": [
      {
        "rule": "Наречия обычно следуют за глаголом, который они модифицируют."
      },
      {
        "rule": "Некоторые наречия могут стоять в начале предложения для акцента."
      }
    ],
    "conjunction": [
      {
        "rule": "Союз 'ka' используется для соединения однородных членов предложения."
      },
      {
        "rule": "Союз 'ko' вводит условные придаточные предложения."
      }
    ]
  },
  "articles": [],
  "nounGender": [
    {
      "rule": "Род отсутствует."
    }
  ],
  "DegreesofComparison": []
}